"SalePrice","TotalSF","OverallQual","GrLivArea","GarageCars","TotalBath","KitchenQual","AgeAtSale","Neighborhood"
208500,2566,7,1710,2,3.5,5,5,"CollgCr"
181500,2524,6,1262,2,2.5,4,31,"Veenker"
223500,2706,7,1786,2,3.5,5,7,"CollgCr"
140000,2473,7,1717,3,2,5,91,"Crawfor"
250000,3343,8,2198,3,3.5,5,8,"NoRidge"
143000,2158,5,1362,2,2.5,4,16,"Mitchel"
307000,3380,8,1694,2,3,5,3,"Somerst"
200000,3197,7,2090,2,3.5,4,36,"NWAmes"
129900,2726,7,1774,2,2,4,77,"OldTown"
118000,2068,5,1077,1,2,4,69,"BrkSide"
129500,2080,5,1040,1,2,4,43,"Sawyer"
345000,3499,9,2324,3,4,6,1,"NridgHt"
144000,1824,5,912,1,2,4,46,"Sawyer"
279500,2988,7,1494,3,2,5,1,"CollgCr"
157000,2506,6,1253,1,2.5,4,48,"NAmes"
132000,1686,7,854,2,1,4,78,"BrkSide"
149000,2008,6,1004,2,2,4,40,"NAmes"
90000,1296,4,1296,2,2,4,39,"Sawyer"
159000,2228,5,1114,2,2.5,5,4,"SawyerW"
139000,2368,5,1339,1,1,4,51,"NAmes"
325300,3534,8,2376,3,3.5,5,1,"NridgHt"
139400,1745,7,1108,1,1,5,77,"IDOTRR"
230000,3572,8,1795,2,2,5,6,"CollgCr"
129900,2100,5,1060,2,2,4,31,"MeadowV"
154000,2120,5,1060,1,2,5,42,"Sawyer"
256300,3166,8,1600,3,2,5,2,"NridgHt"
134800,1800,5,900,2,1.5,5,59,"NAmes"
306000,3408,8,1704,3,3,5,3,"NridgHt"
207500,3084,5,1600,1,2,4,49,"NAmes"
68500,1040,4,520,1,1,3,81,"BrkSide"
40000,1966,4,1317,1,1,4,88,"IDOTRR"
149350,2456,5,1228,1,1.5,5,42,"Sawyer"
179900,2468,8,1234,2,2,5,1,"CollgCr"
165500,3098,5,1700,2,2,5,51,"NAmes"
277500,3122,9,1561,2,3,6,2,"NridgHt"
309000,3569,8,2452,3,3.5,5,2,"NridgHt"
145000,2194,5,1097,2,1.5,4,15,"CollgCr"
153000,2594,5,1297,2,1.5,4,55,"NAmes"
109000,2114,5,1057,1,2,5,57,"NAmes"
82000,1152,4,1152,0,2,3,53,"Edwards"
160000,2412,6,1324,2,2,4,41,"NAmes"
170000,2678,5,1328,1,2,4,48,"Timber"
144000,1724,5,884,2,2,5,24,"SawyerW"
130250,1876,5,938,1,2,4,33,"CollgCr"
141000,2300,5,1150,1,2,4,47,"NAmes"
319900,3504,9,1752,2,3,6,5,"NridgHt"
239686,3583,7,2149,2,2.5,5,6,"Mitchel"
249700,3312,8,1656,3,2,5,1,"Somerst"
113000,2188,4,1452,0,2,4,89,"OldTown"
127000,1910,5,955,1,2,4,41,"Sawyer"
177000,2264,6,1470,2,2.5,4,10,"Gilbert"
114500,1632,6,1176,2,1,4,72,"BrkSide"
110000,1632,5,816,2,2,4,47,"IDOTRR"
385000,3684,9,1842,3,2.5,5,25,"Veenker"
130000,1744,5,1360,2,1,4,52,"NAmes"
180500,2850,6,1425,2,2,4,44,"NAmes"
172500,2709,8,1739,2,3.5,5,10,"Somerst"
196500,2580,7,1720,2,2.5,5,2,"CollgCr"
438780,4355,10,2945,3,3.5,5,0,"StoneBr"
124900,1560,5,780,1,1,4,36,"CollgCr"
158000,2316,6,1158,2,2.5,5,2,"SawyerW"
101000,1641,5,1111,1,1,3,87,"IDOTRR"
202500,2740,8,1370,2,2,5,1,"NridgHt"
140000,2286,7,1710,2,2,4,89,"OldTown"
219500,3091,7,2034,2,3.5,5,12,"CollgCr"
317000,3616,8,2473,3,2.5,5,3,"NridgHt"
180000,4154,7,2207,2,3,4,40,"NAmes"
226000,2932,7,1479,2,3,5,4,"CollgCr"
80000,1494,4,747,1,1,4,65,"OldTown"
225000,3591,7,2287,2,2,4,53,"ClearCr"
244000,4446,7,2223,2,3,4,34,"NAmes"
129500,1690,4,845,2,2,4,25,"Mitchel"
185000,2550,7,1718,2,2.5,4,11,"Gilbert"
144900,2172,5,1086,2,2,4,56,"NAmes"
107400,2445,3,1605,1,2,4,95,"OldTown"
91000,1450,4,988,1,2,4,36,"MeadowV"
135750,1904,4,952,1,1,4,52,"NAmes"
127000,1957,5,1285,1,2,4,60,"BrkSide"
136500,3536,4,1768,0,2,4,42,"Sawyer"
110000,1670,5,1230,2,1.5,4,99,"OldTown"
193500,3038,6,2142,1,2.5,5,41,"NAmes"
153500,2574,6,1337,2,3,4,8,"Mitchel"
245000,3126,8,1563,3,2,5,1,"Somerst"
126500,2130,5,1065,2,1.5,4,47,"NAmes"
168500,1858,7,1474,2,2.5,4,14,"Gilbert"
260000,3705,8,2417,2,2.5,5,15,"NoRidge"
174000,2244,6,1560,2,2.5,5,4,"Gilbert"
164500,1836,6,1224,2,2.5,5,0,"Somerst"
85000,2026,3,1526,0,1,3,94,"IDOTRR"
123600,1980,4,990,0,2,4,13,"CollgCr"
109900,1040,4,1040,2,1,4,56,"NAmes"
98600,2470,5,1235,2,1,4,45,"NAmes"
163500,1840,5,964,2,2,4,88,"Crawfor"
133900,3505,6,2291,2,2.5,4,97,"OldTown"
204750,2610,6,1786,2,3.5,5,10,"CollgCr"
185000,2150,6,1470,2,2.5,4,16,"Gilbert"
214000,3176,7,1588,2,2,5,7,"CollgCr"
94750,1920,4,960,1,2,4,42,"Edwards"
83000,1293,5,835,1,1,4,90,"Edwards"
128950,2175,4,1225,0,2.5,4,51,"NAmes"
205000,3220,6,1610,2,3,5,33,"NWAmes"
178000,2473,6,1732,2,2.5,5,25,"SawyerW"
118964,1535,5,1535,2,2,4,30,"SawyerW"
198900,2452,7,1226,3,2,5,1,"CollgCr"
169500,2858,7,1818,1,1.5,4,76,"IDOTRR"
250000,3045,8,1992,2,2.5,5,5,"Somerst"
100000,1688,4,1047,1,1,4,122,"OldTown"
115000,1578,5,789,1,1,4,60,"OldTown"
115000,2310,5,1517,0,2,3,88,"IDOTRR"
190000,3688,6,1844,2,2,4,33,"NWAmes"
136900,2849,6,1855,1,2,4,52,"Edwards"
180000,1814,7,1430,2,2.5,4,10,"Gilbert"
383970,3960,7,2696,3,3.5,6,0,"CollgCr"
217000,4068,6,2259,2,3,5,54,"Crawfor"
259500,3348,6,2320,1,3.5,5,62,"Crawfor"
176000,2187,6,1458,2,2.5,4,8,"Somerst"
139000,2184,5,1092,1,1.5,4,47,"Sawyer"
155000,2250,5,1125,2,1.5,4,1,"Edwards"
320000,4895,7,3222,3,4,5,20,"SawyerW"
163990,2184,6,1456,2,2.5,5,1,"CollgCr"
180000,1926,6,988,2,2,4,37,"ClearCr"
100000,1855,4,1123,1,1,4,68,"IDOTRR"
136000,2160,6,1080,1,1,4,50,"NAmes"
153900,2398,6,1199,2,2,5,15,"SawyerW"
181000,2948,6,1586,2,2,4,30,"NWAmes"
84500,1040,6,754,0,2,4,71,"IDOTRR"
128000,2036,6,958,2,2,4,31,"NPkVill"
87000,1512,5,840,0,1,4,77,"OldTown"
155000,2008,6,1348,2,1.5,4,40,"NAmes"
150000,2061,5,1053,2,2,6,48,"NAmes"
226000,3081,7,2157,2,2.5,5,40,"NAmes"
244000,3046,6,2054,2,3.5,5,9,"Gilbert"
150750,2390,5,1327,2,2,5,48,"NAmes"
220000,2563,8,1296,2,3,5,8,"Timber"
180000,3182,5,1721,2,2.5,4,38,"Sawyer"
174000,2986,7,1682,2,2,4,38,"NWAmes"
143000,2428,5,1214,1,2,4,40,"NAmes"
171000,3866,7,1959,3,3,4,18,"Mitchel"
230000,2856,8,1852,3,2.5,5,9,"CollgCr"
231500,2692,6,1764,2,3.5,5,12,"CollgCr"
115000,1728,4,864,0,1,4,39,"NAmes"
260000,3468,7,1734,2,3,5,1,"CollgCr"
166000,2295,5,1385,2,2,4,58,"NAmes"
204000,2991,7,1501,2,3,5,10,"CollgCr"
125000,3456,5,1728,2,3,4,43,"Sawyer"
130000,2679,6,1709,2,2,5,2,"Edwards"
105000,1590,5,875,1,2,4,78,"BrkSide"
222500,2919,7,2035,2,2.5,5,9,"Gilbert"
141000,2160,7,1080,0,2,5,4,"SawyerW"
115000,2240,5,1344,1,1,4,70,"BrkSide"
122000,1938,5,969,2,1.5,4,32,"CollgCr"
372402,3420,8,1710,3,3,5,1,"NridgHt"
190000,2818,6,1993,2,2.5,4,35,"NWAmes"
235000,2854,6,1252,2,2,4,48,"ClearCr"
125000,2400,6,1200,1,1,4,83,"OldTown"
79000,1668,6,1096,0,1,4,84,"Edwards"
109500,1040,5,1040,2,1,4,56,"NAmes"
269500,2742,8,1968,3,2.5,6,1,"Timber"
254900,2938,7,1947,2,2.5,5,6,"Somerst"
320000,3854,7,2462,2,3.5,5,1,"Gilbert"
162500,2464,6,1232,2,2,4,24,"Veenker"
412500,4240,9,2668,3,3.5,6,5,"NridgHt"
220000,3082,7,1541,2,2,5,5,"NridgHt"
103200,1764,4,882,0,1,4,51,"OldTown"
152000,2765,6,1616,1,2,5,81,"OldTown"
127500,1999,5,1355,0,3,4,68,"Edwards"
190000,3484,5,1867,1,2,4,54,"ClearCr"
325624,3743,8,2161,3,2.5,6,0,"NridgHt"
183500,2560,7,1720,2,2.5,5,3,"Gilbert"
228000,3393,8,1707,2,2.5,4,25,"Timber"
128500,1574,5,1382,2,1.5,4,66,"OldTown"
215000,2736,6,1656,2,2,4,50,"NAmes"
239000,2831,7,1767,2,3,5,19,"StoneBr"
163000,2724,6,1362,2,2.5,4,47,"NAmes"
184000,3257,6,1651,2,3,4,22,"Timber"
243000,3360,6,2158,2,3,5,57,"Edwards"
211000,3211,6,2060,2,3,4,19,"ClearCr"
172500,2972,5,1920,2,3,5,48,"Sawyer"
501837,4450,9,2234,3,3,6,1,"StoneBr"
100000,1936,5,968,2,1,4,84,"OldTown"
177000,2281,6,1525,2,2.5,5,7,"Somerst"
200100,2595,7,1802,1,1.5,4,86,"Crawfor"
120000,1340,5,1340,1,1,4,50,"Edwards"
200000,3444,7,2082,2,2.5,5,5,"OldTown"
127000,1756,5,1252,2,1,4,98,"BrkSide"
475000,4143,10,3608,3,2.5,6,114,"OldTown"
173000,2405,7,1217,2,3,5,19,"Mitchel"
135000,2172,5,1656,1,2.5,4,93,"OldTown"
153337,2310,5,1224,2,3,4,30,"SawyerW"
286000,3186,8,1593,2,2.5,6,7,"StoneBr"
315000,3580,8,2727,2,2.5,5,75,"Crawfor"
184000,2204,7,1479,2,2.5,5,35,"NAmes"
192000,2862,7,1431,2,3,5,10,"CollgCr"
130000,2679,7,1709,2,2,5,2,"Edwards"
127000,1728,5,864,1,1,4,36,"CollgCr"
148500,2311,6,1456,2,2.5,4,33,"NPkVill"
311872,3452,7,1726,3,3,6,0,"Somerst"
235000,4080,8,3112,2,3.5,5,88,"NAmes"
104000,2613,6,2229,0,1,4,97,"OldTown"
274900,3426,8,1713,3,3,6,5,"NridgHt"
140000,2242,4,1121,2,2,4,7,"Edwards"
171500,2475,6,1279,2,2.5,4,31,"Mitchel"
112000,1927,6,1310,1,2,4,82,"OldTown"
149000,1696,6,848,2,2,5,4,"CollgCr"
110000,2004,5,1284,1,1.5,4,62,"OldTown"
180500,2866,7,1442,2,2,4,19,"Gilbert"
143900,2836,5,1696,1,1.5,4,45,"Sawyer"
141000,2200,4,1100,1,2,4,48,"NAmes"
277000,3219,7,2062,2,3.5,4,19,"SawyerW"
145000,2184,6,1092,2,2,4,44,"NAmes"
98000,1728,5,864,0,2,4,83,"Edwards"
186000,2424,6,1212,2,2,5,1,"Edwards"
252678,2752,7,1852,2,3.5,5,0,"Somerst"
156000,1980,5,990,2,1.5,4,11,"CollgCr"
161750,2081,6,1392,1,1.5,4,33,"CollgCr"
134450,2306,5,1236,1,1.5,5,49,"NAmes"
210000,2872,7,1436,2,3,5,4,"CollgCr"
107000,2014,4,1328,1,1,4,81,"OldTown"
311500,2752,7,1954,2,2,5,69,"Crawfor"
167240,2496,7,1248,2,2,5,1,"Blmngtn"
204900,2996,7,1498,2,2,5,0,"CollgCr"
200000,3277,6,2267,2,2.5,5,7,"Gilbert"
179900,2265,6,1552,2,3.5,4,31,"NWAmes"
97000,1728,4,864,2,1,4,38,"NAmes"
386250,4784,10,2392,3,2,6,6,"NridgHt"
112000,1932,5,1302,1,2.5,4,38,"BrDale"
290000,3723,7,2520,3,2.5,5,12,"NoRidge"
106000,1470,6,987,1,1.5,4,38,"BrDale"
125000,1824,5,912,1,1,4,43,"Sawyer"
192500,2928,7,1555,2,2,5,4,"Blmngtn"
148000,2388,6,1194,1,2,4,51,"NAmes"
403000,4256,8,2794,3,3.5,6,14,"NoRidge"
94500,1470,6,987,1,1.5,4,34,"BrDale"
128200,1788,5,894,1,2,4,34,"CollgCr"
216500,2820,6,1960,2,3.5,5,8,"Gilbert"
89500,1470,6,987,1,1.5,4,37,"BrDale"
185500,2828,7,1414,2,2,5,6,"CollgCr"
194500,2740,7,1744,2,2.5,5,17,"SawyerW"
318000,3388,8,1694,3,2,5,0,"NridgHt"
113000,2222,6,1487,1,1.5,4,65,"Edwards"
262500,3132,8,1566,2,3,5,2,"Somerst"
110500,1552,5,866,0,1,5,62,"OldTown"
79000,1980,5,1440,1,1,4,106,"OldTown"
120000,1843,6,1217,1,1.5,4,29,"SawyerW"
205000,3058,7,2110,2,3.5,5,16,"SawyerW"
241500,3717,7,1872,2,2.5,4,18,"NWAmes"
137000,2948,6,1928,1,2,3,96,"OldTown"
140000,2742,6,1375,2,1,4,52,"NAmes"
180000,2508,7,1668,2,2.5,5,4,"CollgCr"
277000,3588,6,2144,2,2.5,5,49,"ClearCr"
76500,2034,3,1306,0,1,3,70,"BrkSide"
235000,3198,8,1625,2,3.5,5,1,"Crawfor"
173000,2438,6,1640,2,2.5,5,4,"SawyerW"
158000,2604,6,1302,1,2.5,5,43,"NAmes"
145000,2628,5,1314,1,2,4,53,"NAmes"
230000,3266,7,2291,2,2.5,5,7,"Gilbert"
207500,2592,6,1728,2,2.5,5,5,"Somerst"
220000,3208,7,1604,2,3.5,5,3,"CollgCr"
231500,2755,7,1792,2,2.5,5,7,"CollgCr"
97000,882,5,882,1,1,4,52,"OldTown"
176000,2744,6,1382,2,2,4,47,"NAmes"
276000,4056,8,2574,3,2.5,6,0,"CollgCr"
151000,1718,6,1212,2,2,4,29,"Sawyer"
130000,1852,5,1316,2,2,4,81,"OldTown"
73000,1444,5,764,2,1,4,83,"OldTown"
175500,2844,6,1422,2,2,5,27,"NWAmes"
185000,2313,6,1511,2,3.5,4,9,"Gilbert"
179500,2492,5,2192,1,2.5,5,69,"SWISU"
120500,1518,5,778,1,1,4,68,"IDOTRR"
148000,2256,6,1113,1,2.5,4,31,"Edwards"
266000,3034,8,1939,3,2.5,5,0,"Somerst"
241500,2748,7,1363,2,2,4,54,"ClearCr"
290000,3422,8,2270,3,2.5,5,11,"NoRidge"
139000,2872,6,1632,1,3,4,51,"NAmes"
124500,1632,5,816,1,1,4,25,"Mitchel"
205000,2500,7,1548,2,2.5,6,84,"BrkSide"
201000,3120,7,1560,2,2,5,7,"Mitchel"
141000,1728,4,864,2,1,4,59,"Gilbert"
415298,4242,9,2121,3,2.5,6,1,"NridgHt"
192000,3182,7,2022,2,2.5,4,31,"ClearCr"
228500,2789,7,1982,2,2.5,5,18,"SawyerW"
185000,2524,6,1262,2,2,5,0,"Somerst"
207500,2628,7,1314,2,3,5,2,"NridgHt"
244600,2936,8,1468,3,2,5,1,"Somerst"
179200,3150,6,1575,2,3,5,15,"SawyerW"
164700,1875,7,1250,2,2.5,5,1,"Somerst"
159000,2646,6,1734,2,1.5,5,44,"NAmes"
88000,1716,4,858,0,1,4,35,"NAmes"
122000,1782,5,900,1,1,4,43,"Sawyer"
153575,2094,6,1396,1,1,4,92,"BrkSide"
233230,2998,8,1919,2,2.5,5,0,"CollgCr"
135900,2496,5,1716,0,3,3,96,"SWISU"
131000,2484,5,1716,1,1.5,4,60,"Edwards"
235000,3058,7,2263,2,3.5,5,29,"NWAmes"
167000,3060,6,1644,2,2,4,56,"NAmes"
142500,2006,6,1003,2,2,4,22,"Mitchel"
152000,2468,5,1558,1,1.5,4,57,"IDOTRR"
239000,2925,7,1950,2,2.5,5,10,"Somerst"
175000,2445,6,1743,2,2.5,4,39,"NWAmes"
158500,2244,6,1152,1,1.5,5,59,"Crawfor"
157000,2501,5,1336,1,2,4,53,"Crawfor"
267000,3480,8,2452,2,2.5,5,9,"CollgCr"
205000,3082,7,1541,3,2,5,5,"CollgCr"
149900,1788,5,894,2,2,4,34,"CollgCr"
295000,4963,7,3493,3,3,5,128,"OldTown"
305900,4000,8,2000,3,3,5,3,"CollgCr"
225000,2943,7,2243,3,3.5,5,17,"SawyerW"
89500,1725,6,1406,0,1,3,88,"IDOTRR"
82500,1722,4,861,2,1,4,69,"Edwards"
360000,3840,9,1944,3,3,6,3,"NridgHt"
165600,2198,6,1501,2,2.5,5,13,"Gilbert"
132000,1944,6,972,1,2,4,61,"NAmes"
119900,1911,5,1118,2,2,4,67,"OldTown"
375000,4172,7,2036,2,4,4,44,"Timber"
178000,2369,7,1641,2,2,6,81,"OldTown"
188500,2148,7,1432,2,3.5,5,5,"Gilbert"
260000,3198,7,2353,2,3.5,6,29,"NWAmes"
270000,3047,8,1959,3,2.5,5,1,"Somerst"
260000,3993,7,2646,3,3.5,5,16,"NoRidge"
187500,2844,7,1472,2,3,4,29,"NWAmes"
342643,3845,9,2596,3,3.5,5,0,"NridgHt"
354000,3604,8,2468,3,3.5,5,3,"NridgHt"
301000,4232,7,2730,2,3.5,5,21,"SawyerW"
126175,2325,3,1163,1,2,4,51,"OldTown"
242000,3688,7,2978,2,2.5,5,43,"NAmes"
87000,1523,5,803,2,1,4,66,"IDOTRR"
324000,3438,8,1719,2,3.5,5,15,"Veenker"
145250,2766,6,1383,1,1.5,4,46,"NAmes"
214500,2978,6,2134,2,2,5,93,"BrkSide"
78000,1788,5,1192,1,1,4,89,"IDOTRR"
119000,3456,5,1728,1,2.5,4,43,"NAmes"
139000,2112,5,1056,1,2,4,49,"NAmes"
284000,4835,8,1629,3,3,5,6,"NridgHt"
207000,2716,7,1358,2,3,5,4,"NridgHt"
192000,2581,6,1638,2,3.5,4,10,"Gilbert"
228950,3285,5,1786,2,4,4,43,"Timber"
377426,3844,9,1922,3,3,5,2,"StoneBr"
214000,3072,7,1536,2,3,5,6,"CollgCr"
202500,2829,7,1621,2,3,5,22,"NWAmes"
155000,2430,6,1215,1,1,4,51,"NAmes"
202900,2875,8,1908,2,2.5,5,8,"Timber"
82000,1562,4,841,1,1,4,59,"SawyerW"
87500,1040,3,1040,2,2,4,57,"NAmes"
266000,3368,9,1684,2,2,6,3,"NridgHt"
85000,1648,5,1112,1,1.5,4,34,"MeadowV"
140200,2549,6,1577,1,1,3,67,"BrkSide"
151500,1916,6,958,1,1,4,47,"NAmes"
157500,2956,6,1478,2,3,4,49,"NAmes"
154000,2390,7,1626,2,3.5,5,5,"NridgHt"
437154,4576,9,2728,3,3.5,6,1,"NridgHt"
318061,3738,9,1869,2,2,6,0,"NridgHt"
190000,2906,7,1453,2,2.5,5,20,"ClearCr"
95000,1727,5,1111,1,1.5,4,67,"Edwards"
105900,1344,6,720,2,1,4,82,"OldTown"
140000,2535,6,1595,1,1,4,66,"SWISU"
177500,2400,6,1200,2,3,5,12,"CollgCr"
173000,2325,6,1167,2,3,5,17,"Gilbert"
134000,2284,5,1142,2,2.5,4,31,"MeadowV"
130000,2414,5,1352,1,1.5,5,48,"ClearCr"
280000,3010,8,1924,2,3.5,5,8,"NoRidge"
156000,1800,6,912,2,2,4,29,"Mitchel"
145000,2388,5,1505,1,2,4,68,"BrkSide"
198500,1922,7,1922,2,3,5,6,"Edwards"
118000,1470,6,987,1,1.5,5,37,"BrDale"
190000,2370,6,1574,2,3.5,4,30,"NWAmes"
147000,2016,5,1344,1,1,4,89,"IDOTRR"
159000,2788,6,1394,2,2.5,4,46,"NAmes"
165000,2530,6,1431,1,1.5,4,46,"NAmes"
132000,2536,5,1268,1,1,4,56,"NAmes"
162000,2350,5,1287,2,2,5,51,"NAmes"
172400,2617,6,1664,2,2.5,4,6,"Gilbert"
134432,1588,4,1588,2,2,4,49,"ClearCr"
125000,1496,6,752,1,2,4,26,"SawyerW"
123000,1927,5,1319,1,2,4,56,"NAmes"
219500,2775,7,1928,2,2.5,5,4,"CollgCr"
61000,1587,1,904,0,1.5,3,87,"Edwards"
148000,1784,5,914,2,1,4,10,"CollgCr"
340000,4046,8,2466,2,3,5,3,"Somerst"
394432,3712,9,1856,3,2.5,6,0,"StoneBr"
179000,2782,6,1800,2,2.5,4,9,"Gilbert"
127000,2717,5,1691,1,2,5,86,"SWISU"
187750,2594,7,1301,2,3,5,0,"Somerst"
213500,2736,7,1797,2,2.5,5,1,"CollgCr"
76000,1568,6,784,2,1,4,81,"SawyerW"
240000,3533,6,1953,2,3.5,5,15,"ClearCr"
192000,2525,8,1269,2,2,5,6,"Blmngtn"
81000,1842,5,1184,0,1,4,96,"Edwards"
125000,2166,6,1125,1,2,4,33,"Edwards"
191000,2947,7,1479,2,2,5,9,"CollgCr"
426000,4014,10,2332,3,3.5,6,1,"NridgHt"
119000,2228,5,1367,1,2,4,108,"Edwards"
215000,2765,6,1961,2,3.5,5,8,"Mitchel"
106500,882,5,882,1,1,4,48,"NAmes"
100000,1576,4,788,0,1,4,65,"BrkSide"
109000,1769,5,1034,1,1,4,67,"OldTown"
129000,2288,5,1144,1,2,4,54,"Edwards"
123000,1788,5,894,2,1,4,37,"CollgCr"
169500,2676,5,1812,1,2,4,45,"NAmes"
67000,2038,5,1077,1,1,4,87,"IDOTRR"
241000,2642,7,1550,2,3,5,3,"Somerst"
245500,2548,8,1288,2,2.5,6,12,"Veenker"
164990,2620,7,1310,2,2,5,1,"CollgCr"
108000,1344,5,672,1,1,4,68,"Sawyer"
258000,3404,8,2263,2,2.5,5,8,"NoRidge"
168000,2378,6,1572,2,2.5,4,12,"Gilbert"
150000,2901,4,1620,2,3,4,33,"Sawyer"
115000,2230,6,1639,1,1,4,72,"SWISU"
177000,2520,6,1680,1,2,4,93,"Crawfor"
280000,3235,7,2172,3,2.5,5,1,"NridgHt"
339750,3112,8,2078,3,3.5,6,1,"Somerst"
60000,2552,5,1276,1,1,4,51,"Edwards"
145000,2112,5,1056,2,2,4,51,"Gilbert"
222000,2948,7,1478,2,3.5,5,1,"Somerst"
115000,2036,5,1028,2,1,4,83,"OldTown"
228000,3177,7,2097,3,3,5,15,"SawyerW"
181134,2680,7,1340,2,2,5,0,"Gilbert"
149500,2072,6,1400,2,1.5,4,28,"Sawyer"
239000,3994,6,2624,3,3.5,4,89,"Crawfor"
126000,1890,5,1134,1,2.5,4,67,"Edwards"
142000,2112,5,1056,1,2,4,42,"NAmes"
206300,2688,7,1344,4,4,4,11,"Mitchel"
215000,3204,6,1602,2,2.5,5,32,"NWAmes"
113000,1976,5,988,2,1,4,54,"Mitchel"
315000,4100,8,2630,3,3.5,5,10,"NoRidge"
139000,2392,6,1196,1,2,4,52,"NAmes"
135000,2040,7,1389,1,1.5,4,63,"OldTown"
275000,3162,7,1644,2,3.5,5,20,"SawyerW"
109008,1814,4,907,1,1,4,51,"NAmes"
195400,2416,7,1208,2,3,5,0,"CollgCr"
175000,2804,6,1412,2,3,5,21,"Timber"
85400,1470,6,987,1,1.5,4,37,"BrDale"
79900,2099,6,1198,0,1,4,88,"OldTown"
122500,2130,5,1365,2,2.5,4,36,"BrDale"
181000,2530,6,1604,2,2.5,4,11,"Gilbert"
81000,1260,4,630,0,2,4,36,"MeadowV"
212000,2460,7,1661,2,3.5,5,13,"CollgCr"
116000,1766,6,1118,2,1,4,86,"OldTown"
119000,1788,6,904,1,1,4,83,"BrkSide"
90350,1134,5,694,1,1,5,94,"Crawfor"
110000,1880,6,1196,2,1,5,89,"Edwards"
555000,5496,10,2402,3,3,6,1,"NridgHt"
118000,2880,4,1440,0,2,3,53,"Edwards"
162900,2651,5,1573,2,2,4,78,"BrkSide"
172500,2516,7,1258,3,2,5,1,"Blmngtn"
210000,2823,7,1908,2,3.5,5,14,"CollgCr"
127500,3125,6,1689,2,1,4,53,"Edwards"
190000,3405,6,1888,2,2.5,5,44,"NAmes"
199900,2816,7,1886,2,2.5,5,8,"Gilbert"
119500,2156,6,1376,1,2,4,69,"IDOTRR"
120000,1832,3,1183,1,1.5,4,59,"OldTown"
110000,1626,6,813,1,1,5,76,"OldTown"
280000,3066,7,1533,2,3,5,31,"ClearCr"
204000,2628,6,1756,2,3.5,4,11,"Timber"
210000,2358,8,1590,2,2.5,5,1,"Somerst"
188000,3456,5,1728,2,4,4,30,"Mitchel"
175500,2484,7,1242,2,1.5,4,34,"NWAmes"
98000,1968,5,1344,3,1,4,92,"OldTown"
256000,3027,4,1663,2,2,5,54,"ClearCr"
161000,2254,8,1666,1,1,5,83,"OldTown"
110000,1912,5,1203,1,2,5,59,"BrkSide"
263435,2767,8,1935,2,3.5,4,0,"Somerst"
155000,1695,7,1135,2,2,5,73,"SWISU"
62383,1728,5,864,1,1,4,44,"Sawyer"
188700,2375,6,1660,1,1.5,4,74,"Crawfor"
124000,2080,5,1040,0,2,4,31,"CollgCr"
178740,2789,7,1414,2,2,5,2,"Blmngtn"
167000,2554,7,1277,2,2,4,37,"NAmes"
146500,2372,5,1644,1,1.5,5,65,"NAmes"
250000,3260,8,1634,3,2,5,1,"NridgHt"
187000,2542,6,1710,2,2.5,5,15,"SawyerW"
212000,2990,8,1502,2,2.5,5,25,"StoneBr"
190000,2777,7,1969,2,2.5,4,30,"NWAmes"
148000,1619,6,1072,2,2,4,3,"Edwards"
440000,3952,8,1976,3,3,5,1,"NridgHt"
251000,3146,8,1652,2,3,6,7,"StoneBr"
132500,1940,5,970,2,2,4,44,"Sawyer"
208900,2971,6,1493,2,3,5,11,"CollgCr"
380000,4796,9,2643,3,2.5,6,1,"NridgHt"
297000,3423,8,1718,3,3,5,2,"CollgCr"
89471,2038,4,1131,2,1,4,70,"OldTown"
326000,3683,9,1850,3,3,5,2,"NridgHt"
374000,3584,9,1792,3,3,6,3,"NridgHt"
155000,2736,7,1826,1,2.5,6,94,"OldTown"
164000,2432,6,1216,2,3,4,8,"Mitchel"
132500,1998,5,999,1,2,5,45,"Sawyer"
147000,2226,5,1113,1,1,5,59,"NAmes"
156000,2146,5,1073,2,2.5,4,42,"NAmes"
175000,2968,5,1484,2,2,4,36,"NWAmes"
160000,3368,5,2414,2,2,4,106,"OldTown"
86000,1260,4,630,1,2,5,39,"MeadowV"
115000,1568,5,1304,1,1.5,4,32,"MeadowV"
133000,2384,6,1578,1,2,3,65,"NAmes"
172785,2184,6,1456,2,2.5,4,0,"Gilbert"
155000,2538,5,1269,1,1.5,4,48,"NAmes"
91300,1076,5,886,1,1,4,71,"OldTown"
34900,1440,4,720,0,1,4,89,"IDOTRR"
430000,6428,8,3228,2,4,5,15,"NoRidge"
184000,2846,7,1820,1,3,4,83,"BrkSide"
130000,1763,5,899,1,1,5,42,"Sawyer"
120000,1824,5,912,1,1.5,4,49,"NAmes"
113000,1890,6,1218,1,1.5,4,34,"BrDale"
226700,2634,7,1768,2,2.5,5,3,"Somerst"
140000,2428,5,1214,2,2,4,42,"Edwards"
289000,3302,7,1801,2,3,4,51,"Crawfor"
147000,2177,6,1322,2,3,4,35,"NPkVill"
124500,2920,5,1960,2,2,4,57,"OldTown"
215000,2688,8,1911,2,2.5,5,13,"SawyerW"
208300,2436,6,1218,2,2,5,0,"Somerst"
161000,2067,7,1378,2,2,5,80,"OldTown"
124500,2082,5,1041,1,2,4,50,"NAmes"
164900,2371,5,1363,1,2,4,58,"NAmes"
202665,2736,7,1368,2,2,5,1,"NridgHt"
129900,1728,5,864,2,2,4,48,"NAmes"
134000,2164,6,1080,2,1.5,4,24,"Mitchel"
96500,1557,5,789,1,1,4,81,"Crawfor"
402861,4026,10,2020,3,3.5,6,0,"NridgHt"
158000,2808,6,2119,2,2.5,4,37,"NWAmes"
265000,3608,7,2344,3,2.5,5,13,"NoRidge"
211000,2590,6,1796,2,3.5,4,9,"CollgCr"
234000,3356,7,2080,1,1.5,5,83,"Crawfor"
106250,1294,4,1294,0,2,4,108,"OldTown"
150000,2488,6,1244,1,1.5,4,50,"NAmes"
159000,2668,6,1664,2,2,4,59,"BrkSide"
315750,3777,7,2398,3,3.5,5,11,"NoRidge"
176000,2523,7,1266,2,2,5,1,"Somerst"
132000,1856,5,928,1,1,4,51,"NAmes"
446261,4165,9,2713,3,3.5,6,0,"NridgHt"
86000,1133,4,605,0,2,4,87,"Edwards"
200624,4550,6,2515,2,4,4,50,"Crawfor"
175000,2970,6,1509,2,3,5,20,"Timber"
128000,1973,6,1362,2,2,4,88,"BrkSide"
107500,827,5,827,1,1,4,55,"NAmes"
39300,334,1,334,0,1,3,61,"BrkSide"
178000,2121,8,1414,2,2.5,5,2,"Gilbert"
107500,2464,5,1347,0,2,4,98,"Edwards"
188000,2604,7,1724,2,2.5,5,10,"CollgCr"
111250,1728,4,864,2,1,4,36,"NAmes"
158000,2210,5,1159,1,1.5,4,38,"Sawyer"
272000,3182,8,1601,2,3,5,9,"CollgCr"
315000,3676,9,1838,3,3,6,3,"Timber"
248000,3254,8,2285,3,2.5,5,7,"NoRidge"
213250,3330,7,1680,2,3,5,11,"NWAmes"
133000,1490,7,767,1,2,4,9,"NAmes"
179665,2150,7,1496,2,3.5,5,0,"Gilbert"
229000,3387,7,2183,3,2.5,5,18,"NWAmes"
210000,2700,6,1635,2,1.5,4,84,"BrkSide"
129500,1536,5,768,2,2,4,37,"Mitchel"
125000,1650,5,825,2,2,4,53,"OldTown"
263000,3006,7,2094,2,2.5,5,6,"Somerst"
140000,2138,6,1069,2,2,4,31,"NPkVill"
112500,1856,5,928,1,1,4,51,"OldTown"
255500,3426,8,1717,3,2,5,3,"NridgHt"
108000,1126,4,1126,2,2,5,60,"Edwards"
284000,3044,7,2046,3,3.5,5,5,"NridgHt"
113000,2041,5,1048,1,1,4,84,"BrkSide"
141000,2184,5,1092,1,2,4,49,"NAmes"
108000,1973,4,1336,1,1.5,4,86,"IDOTRR"
175000,2175,7,1446,2,3,4,12,"Gilbert"
234000,2931,7,1557,2,2,5,3,"Blmngtn"
121500,2784,5,1392,2,2.5,4,53,"Sawyer"
170000,2778,5,1389,2,2,4,32,"Mitchel"
108000,1992,5,996,0,2,4,68,"Edwards"
185000,2837,6,1674,2,2,4,90,"Edwards"
268000,3390,7,2295,2,3.5,5,14,"NoRidge"
128000,2453,6,1647,1,2.5,3,95,"SWISU"
325000,3626,9,2504,3,2.5,6,3,"StoneBr"
214000,3052,7,1535,2,2,5,6,"NridgHt"
316600,3628,8,2132,2,2.5,5,26,"SawyerW"
135960,1886,5,943,2,2,4,27,"NAmes"
142600,3456,5,1728,2,2,4,43,"NAmes"
120000,1728,6,864,1,2,5,47,"NAmes"
224500,2538,7,1692,2,2.5,5,0,"Timber"
170000,1814,7,1430,2,2.5,4,7,"Gilbert"
139000,1481,5,1109,1,1.5,4,36,"NAmes"
118500,2048,5,1216,1,1,4,61,"NAmes"
145000,2338,7,1477,1,2.5,4,81,"SWISU"
164500,2484,5,1320,2,2,4,40,"Sawyer"
146000,2081,7,1392,2,2,5,1,"Somerst"
131500,2845,5,1795,1,2,4,54,"OldTown"
181900,2573,6,1429,2,1.5,5,47,"NAmes"
253293,4084,8,2042,3,2.5,6,1,"NridgHt"
118500,1632,6,816,0,2,4,17,"Edwards"
325000,4012,10,2775,2,3.5,5,115,"OldTown"
133000,2457,4,1573,1,1,5,74,"BrkSide"
369900,3896,8,2028,3,3,5,1,"Timber"
130000,1654,6,838,1,2,3,90,"BrkSide"
137000,1700,5,860,2,2,4,27,"Sawyer"
143000,2910,5,1473,1,3,6,41,"ClearCr"
79500,1521,5,935,1,1,4,78,"BrkSide"
185900,2352,7,1582,2,2.5,5,4,"CollgCr"
451950,4018,10,2296,3,3.5,6,1,"NridgHt"
138000,1632,5,816,2,2,4,26,"Mitchel"
140000,1696,6,848,2,2,5,6,"CollgCr"
110000,1848,5,924,1,1,4,33,"CollgCr"
319000,3640,8,1826,3,3,5,1,"StoneBr"
114504,2052,6,1368,1,1,4,96,"OldTown"
194201,2660,7,1402,3,2,5,1,"Blmngtn"
217500,3077,5,1647,2,3,5,29,"Crawfor"
151000,2272,6,1556,2,3.5,4,28,"Blueste"
275000,2962,8,1904,2,3.5,6,1,"NridgHt"
141000,2155,6,1375,1,1.5,5,70,"IDOTRR"
220000,2823,8,1915,2,3.5,5,14,"SawyerW"
151000,1800,7,1200,2,2.5,5,6,"Somerst"
221000,2988,7,1494,2,3,5,6,"CollgCr"
205000,2754,7,1986,2,2.5,4,44,"NAmes"
152000,2080,5,1040,2,2,5,13,"CollgCr"
225000,2904,5,2008,1,4,6,58,"Edwards"
359100,4159,8,3194,2,2.5,4,73,"Crawfor"
118500,2058,4,1029,1,2,4,46,"Sawyer"
313000,3593,9,2153,3,3.5,6,9,"CollgCr"
148000,2064,6,1032,2,2.5,4,29,"NWAmes"
261500,3171,8,1872,2,3.5,6,8,"CollgCr"
147000,2240,5,1120,0,1,4,0,"Mitchel"
75500,1260,4,630,0,2,4,38,"MeadowV"
137500,1990,6,1054,2,2,5,47,"NAmes"
183200,2292,6,1509,2,3.5,5,4,"Gilbert"
105500,1664,6,832,2,1,5,54,"NAmes"
314813,3650,9,1828,3,2,5,0,"NridgHt"
305000,3744,8,2262,3,3.5,5,5,"Timber"
67000,1728,3,864,0,2,4,94,"Edwards"
240000,4136,6,2614,2,2.5,4,34,"NWAmes"
135000,1960,5,980,2,1,4,32,"Sawyer"
168500,2268,6,1512,2,2.5,5,7,"Somerst"
165150,2522,6,1790,2,3,4,34,"NWAmes"
160000,2232,6,1116,2,1.5,4,48,"NAmes"
139900,2400,5,1422,1,1,4,47,"NAmes"
153000,2676,6,1520,1,2,4,55,"NAmes"
135000,3120,5,2080,2,2.5,3,38,"NAmes"
168500,2598,6,1350,2,2.5,4,44,"NAmes"
124000,2386,5,1750,1,1,6,126,"OldTown"
209500,3108,8,1554,2,2,5,1,"NridgHt"
82500,2797,7,1411,2,2,4,32,"NWAmes"
139400,2112,5,1056,1,1.5,4,53,"NAmes"
144000,2112,6,1056,2,2,4,30,"OldTown"
200000,4320,6,3395,0,2,3,93,"SWISU"
60000,1064,2,800,0,1,3,73,"BrkSide"
93000,2198,5,1387,1,2,5,55,"OldTown"
85000,1592,5,796,0,1,4,98,"Edwards"
264561,3087,8,1567,3,3,6,0,"Blmngtn"
274000,3036,8,1518,2,1.5,6,5,"NridgHt"
226000,2986,7,1929,2,3.5,5,6,"Somerst"
345000,4656,8,2704,2,3.5,6,37,"NAmes"
152000,2400,5,1620,2,2.5,4,38,"NWAmes"
370878,3532,9,1766,3,3.5,6,0,"Somerst"
143250,1962,6,981,2,2.5,4,36,"NAmes"
98300,1048,5,1048,2,1,4,58,"NAmes"
155000,2188,6,1094,2,1,4,55,"Edwards"
155000,2595,6,1839,2,1.5,4,44,"NAmes"
84500,1260,4,630,0,2,4,37,"MeadowV"
205950,2478,7,1665,2,2.5,5,1,"Somerst"
108000,2265,4,1510,1,2,4,69,"Edwards"
191000,2596,7,1716,2,2.5,5,13,"CollgCr"
135000,2225,6,1469,1,1,4,102,"IDOTRR"
350000,4222,8,2113,3,3.5,5,13,"NoRidge"
88000,1617,6,1092,1,1.5,4,39,"BrDale"
145500,2106,5,1053,1,2.5,5,49,"NAmes"
149000,2278,7,1502,1,1.5,4,77,"Crawfor"
97500,2370,6,1458,1,1.5,4,62,"NAmes"
167000,2972,5,1486,2,2,4,45,"Edwards"
197900,2728,7,1935,2,2.5,4,31,"NWAmes"
402000,4077,8,2448,3,3.5,5,15,"NoRidge"
110000,2784,6,1392,2,2,4,41,"NAmes"
137500,2319,4,1181,2,3,4,36,"Edwards"
423000,4174,8,2097,3,2.5,6,1,"Somerst"
230500,3342,8,1936,2,2.5,5,6,"Gilbert"
129000,3401,6,2380,2,2.5,4,42,"NAmes"
193500,3087,6,1679,2,3,5,14,"SawyerW"
168000,2625,5,1437,2,2.5,4,50,"Sawyer"
137500,1880,4,1180,1,1,3,84,"Crawfor"
173500,2214,6,1476,2,3.5,5,4,"CollgCr"
103600,2041,6,1369,1,3,4,84,"Edwards"
165000,2416,6,1208,2,2.5,4,29,"Veenker"
257500,3316,6,1839,2,3,5,50,"Crawfor"
140000,2272,6,1136,1,2,4,43,"NAmes"
148500,2296,6,1441,2,2.5,4,31,"NPkVill"
87000,2869,4,1774,3,3,4,106,"OldTown"
109500,1560,5,792,1,1,5,85,"OldTown"
372500,4092,8,2046,3,2.5,5,1,"StoneBr"
128500,1976,5,988,2,2,4,46,"Sawyer"
143000,1846,6,923,1,2,4,30,"SawyerW"
159434,2313,5,1520,1,1,4,77,"SWISU"
173000,2582,6,1291,2,2,5,12,"ClearCr"
285000,3294,9,1668,3,3,5,5,"CollgCr"
221000,3034,7,1839,2,2.5,4,12,"NoRidge"
207500,3280,7,2090,2,3,5,23,"StoneBr"
227875,2635,7,1761,2,3,5,0,"Somerst"
148800,1653,7,1102,2,2.5,5,3,"Somerst"
392000,2838,8,1419,2,3,5,0,"StoneBr"
194700,2724,6,1362,2,2,5,2,"NridgHt"
141000,1696,6,848,2,2,5,4,"CollgCr"
755000,6760,10,4316,3,4,6,13,"NoRidge"
335000,3729,7,2519,2,3.5,5,17,"Timber"
108480,2146,5,1073,1,1,4,85,"OldTown"
141500,2466,5,1539,2,1.5,4,73,"BrkSide"
176000,2249,6,1137,2,3,5,19,"Timber"
89000,1232,5,616,1,1,4,85,"BrkSide"
123500,2128,5,1148,1,1.5,4,54,"Edwards"
138500,1788,5,894,1,2,4,45,"Sawyer"
196000,2782,7,1391,2,2,5,4,"Somerst"
312500,3600,8,1800,3,3,5,4,"Timber"
140000,2328,7,1164,2,1.5,4,37,"NWAmes"
361919,3810,8,2576,3,2.5,6,0,"StoneBr"
140000,2172,5,1812,2,2,5,110,"OldTown"
213000,2957,7,1484,2,3,5,6,"CollgCr"
55000,1092,4,1092,0,2,3,80,"IDOTRR"
302000,3467,7,1824,2,3,5,36,"ClearCr"
254000,2648,8,1324,2,3,5,3,"NridgHt"
179540,2184,7,1456,2,2.5,5,0,"Gilbert"
109900,1780,5,904,1,1,4,42,"Sawyer"
52000,999,3,729,0,1,4,73,"BrkSide"
102776,2037,4,1178,1,1,4,110,"IDOTRR"
189000,2456,8,1228,2,3,5,20,"StoneBr"
129000,1920,4,960,2,2,4,36,"BrkSide"
130500,2204,6,1479,2,2.5,5,34,"Sawyer"
165000,2414,6,1350,2,2,4,35,"NWAmes"
159500,3272,7,2554,2,1.5,4,117,"OldTown"
157000,2354,5,1178,2,2,5,35,"NWAmes"
341000,3729,7,2418,3,3.5,5,15,"NoRidge"
128500,1942,5,971,1,1.5,4,37,"CollgCr"
275000,3484,8,1742,2,3,5,21,"StoneBr"
143000,1696,6,848,2,2,5,6,"CollgCr"
124500,1728,4,864,2,1,4,39,"NAmes"
135000,2411,4,1470,1,2,4,54,"Edwards"
320000,3396,9,1698,3,3,6,2,"Edwards"
120500,1728,4,864,2,1,5,39,"NAmes"
222000,2560,6,1680,2,3,5,21,"Crawfor"
194500,2464,7,1232,2,3,5,2,"CollgCr"
110000,3360,5,1776,3,3,4,51,"NAmes"
103000,1628,4,1208,2,1,4,84,"IDOTRR"
236500,3211,8,1616,2,3,5,15,"StoneBr"
187500,2014,7,1146,2,3,5,4,"Timber"
222500,3184,7,2031,2,2.5,5,10,"CollgCr"
131400,2008,5,1144,1,2,4,48,"Sawyer"
108000,1896,5,948,1,1,4,39,"Sawyer"
163000,2648,7,1768,2,1.5,4,92,"OldTown"
93500,1040,3,1040,2,2,4,56,"NAmes"
239900,2694,8,1801,3,2.5,5,1,"Gilbert"
179000,2400,5,1200,0,6,4,22,"Edwards"
190000,2592,7,1728,2,2.5,5,5,"CollgCr"
132000,1696,5,1432,2,2,4,97,"OldTown"
142000,1824,6,912,1,2.5,5,47,"Sawyer"
179000,2698,7,1349,2,2,4,7,"SawyerW"
175000,1984,5,1464,2,2.5,4,46,"Sawyer"
180000,2674,8,1337,2,3,5,15,"StoneBr"
299800,3857,8,2715,2,4,5,32,"NWAmes"
236000,3208,7,2256,2,2.5,5,9,"Gilbert"
265979,3880,7,2640,4,1.5,5,129,"OldTown"
260400,3440,7,1720,2,3,5,14,"NoRidge"
98000,1529,4,1529,1,2,4,64,"Edwards"
96500,1716,4,1140,0,1,4,100,"OldTown"
162000,1980,7,1320,2,2.5,5,4,"Gilbert"
217000,2973,6,1494,2,3,5,9,"CollgCr"
275500,3128,8,2098,3,2.5,6,1,"NridgHt"
156000,2052,6,1026,2,2,5,40,"NAmes"
172500,2200,6,1471,2,2.5,4,10,"Somerst"
212000,2634,8,1768,2,2.5,5,2,"CollgCr"
158900,2058,6,1386,2,2.5,4,32,"Sawyer"
179400,2245,7,1501,2,2.5,4,9,"Somerst"
290000,3849,8,2531,3,2.5,5,12,"NoRidge"
127500,1728,6,864,1,1,4,50,"NAmes"
100000,2446,5,1301,2,1,3,85,"BrkSide"
215200,2303,7,1547,2,2.5,5,1,"Somerst"
337000,3617,8,2365,3,3.5,5,10,"NoRidge"
270000,2988,8,1494,2,2.5,6,11,"Veenker"
264132,3004,9,1506,2,2,6,0,"Somerst"
196500,2694,7,1714,2,2.5,4,22,"NWAmes"
160000,2733,6,1750,1,3,4,68,"Mitchel"
216837,3696,7,1836,2,2,5,2,"CollgCr"
538000,4929,8,3279,3,4.5,6,7,"StoneBr"
134900,1716,5,858,2,2,4,27,"Sawyer"
102000,2056,4,1220,2,1,4,55,"Edwards"
107000,2146,6,1117,2,2,4,34,"Edwards"
114500,1824,5,912,1,1,4,49,"NAmes"
395000,3908,8,1973,3,2,5,1,"NridgHt"
162000,2408,6,1204,2,3,4,11,"Mitchel"
221500,3228,7,1614,3,2,5,1,"CollgCr"
142500,1758,5,894,2,2,4,32,"Sawyer"
144000,2020,5,2020,2,2,4,30,"SawyerW"
135000,1979,6,1004,2,2,4,29,"Mitchel"
176000,2490,7,1253,2,2,4,12,"Gilbert"
175900,2364,6,1603,2,2.5,5,14,"SawyerW"
187100,2843,7,1430,2,2,5,8,"CollgCr"
165500,2207,5,1110,2,2,5,31,"Mitchel"
128000,2226,6,1484,0,2,4,94,"OldTown"
161500,2714,6,1342,2,2,4,42,"NWAmes"
139000,2338,5,1652,1,3,4,95,"OldTown"
233000,3040,7,2084,2,3.5,5,6,"SawyerW"
107900,1802,4,901,1,1,4,54,"OldTown"
187500,2919,6,2087,2,2.5,5,41,"ClearCr"
160200,2290,7,1145,2,2,5,4,"Blmngtn"
146800,2091,6,1062,2,2,4,31,"Mitchel"
269790,3130,7,2013,2,3.5,4,11,"NoRidge"
225000,2992,8,1496,2,2,5,0,"Somerst"
194500,2607,7,1895,2,2.5,5,14,"Gilbert"
171000,2214,6,1564,2,2.5,4,30,"SawyerW"
143500,1945,6,1285,2,1.5,4,30,"Sawyer"
110000,1546,5,773,1,1,4,55,"NAmes"
485000,5066,9,3140,3,3.5,6,1,"NridgHt"
175000,2499,5,1768,1,2.5,5,70,"SWISU"
200000,2304,6,1688,2,3.5,5,11,"ClearCr"
109900,2392,4,1196,2,2,4,91,"IDOTRR"
189000,2184,7,1456,2,3.5,5,3,"CollgCr"
582933,4556,9,2822,3,3.5,6,1,"NridgHt"
118000,2064,5,1128,1,1,4,52,"NAmes"
227680,2845,7,1428,2,2,6,0,"Somerst"
135500,1960,5,980,1,2,4,39,"NAmes"
223500,2900,5,1576,2,3.5,5,86,"BrkSide"
159950,2110,5,1086,2,2,4,40,"NAmes"
106000,2987,5,2138,2,2,4,111,"OldTown"
181000,2349,6,1309,2,2.5,5,32,"NWAmes"
144500,1696,6,848,2,2,5,4,"CollgCr"
55993,1584,5,1044,2,1,3,58,"IDOTRR"
157900,2884,6,1442,1,1.5,4,49,"NAmes"
116000,1936,5,1250,1,2,3,88,"Edwards"
224900,3310,7,1661,2,2,5,12,"CollgCr"
137000,2016,5,1008,1,1,4,52,"NAmes"
271000,3257,8,1689,3,3,5,6,"Mitchel"
155000,2062,6,1052,2,2,4,39,"ClearCr"
224000,2716,7,1358,2,3,5,1,"NridgHt"
183000,2438,7,1640,2,2.5,5,5,"CollgCr"
93000,1872,4,936,2,1,4,56,"OldTown"
225000,2580,7,1733,2,2.5,5,4,"Gilbert"
139500,2267,6,1489,1,2,4,69,"SWISU"
232600,2978,8,1489,2,2,5,0,"Somerst"
385000,4162,10,2084,3,3,6,1,"NridgHt"
109500,1568,5,784,0,2,5,84,"BrkSide"
189000,2888,7,1434,2,2,5,8,"SawyerW"
185000,3139,5,2126,2,3,4,42,"ClearCr"
147400,1743,7,1223,2,2.5,5,1,"Somerst"
166000,2784,6,1392,2,2.5,4,51,"NAmes"
151000,1720,7,1200,2,2.5,5,1,"Somerst"
237000,2770,7,1829,2,3.5,5,7,"CollgCr"
167000,3032,6,1516,2,1.5,4,45,"NAmes"
139950,2288,5,1144,2,2,4,47,"NAmes"
128000,2134,4,1067,2,2,5,60,"Sawyer"
153500,3118,5,1559,2,2,4,59,"OldTown"
100000,1470,6,987,1,2.5,4,35,"BrDale"
144000,2198,5,1099,1,1.5,5,13,"CollgCr"
130500,1968,5,1200,1,1,4,62,"Edwards"
140000,2154,6,1482,1,2,3,83,"SWISU"
157500,2189,5,1539,2,2,5,104,"OldTown"
174900,2292,6,1165,2,2.5,4,42,"NAmes"
141000,3600,5,1800,0,2,4,46,"NAmes"
153900,2292,5,1416,3,1.5,4,93,"OldTown"
171000,3091,5,1701,2,3,4,32,"Sawyer"
213000,2515,7,1775,2,3.5,5,16,"SawyerW"
133500,1728,5,864,1,2,4,37,"CollgCr"
240000,3265,6,2358,2,3,4,100,"ClearCr"
187000,2383,6,1855,2,2.5,4,31,"Veenker"
131500,1696,6,848,2,2,5,4,"CollgCr"
215000,2729,8,1456,2,2,5,3,"Blmngtn"
164000,2564,7,1646,1,2,4,66,"Crawfor"
158000,2572,6,1445,2,1.5,4,45,"NAmes"
170000,3542,5,1779,2,2.5,4,51,"Sawyer"
127000,2080,5,1040,1,2.5,4,48,"Sawyer"
147000,1966,6,1026,2,2,4,30,"CollgCr"
174000,2183,6,1481,2,2.5,4,15,"Gilbert"
152000,2460,7,1370,2,2,4,33,"NWAmes"
250000,3708,6,2654,2,3.5,5,38,"NWAmes"
189950,2338,7,1426,1,1.5,5,89,"Crawfor"
131500,2078,5,1039,2,2.5,4,45,"Sawyer"
152000,2137,6,1097,2,2,4,26,"SawyerW"
132500,2296,5,1148,1,2,4,50,"NAmes"
250580,2744,7,1372,2,2,5,1,"Somerst"
148500,2004,5,1002,2,2,4,39,"NAmes"
248900,3284,8,1646,3,2,5,1,"Timber"
129000,2160,4,1120,2,2.5,3,46,"Sawyer"
169000,2267,5,2320,2,2,4,58,"Gilbert"
236000,2999,7,1949,2,3.5,5,17,"SawyerW"
109500,1788,5,894,1,1,4,47,"NAmes"
200500,2486,6,1682,2,2.5,5,12,"CollgCr"
116000,1015,5,910,2,1,5,55,"NAmes"
133000,1868,5,1268,1,1,4,60,"NAmes"
66500,1807,5,1131,1,1.5,4,68,"OldTown"
303477,3794,8,2610,2,2.5,6,0,"Somerst"
132250,2104,4,1040,2,2,4,44,"Mitchel"
350000,3686,9,2224,3,3.5,6,5,"NridgHt"
148000,2264,5,1155,2,2,5,49,"Sawyer"
136500,1728,5,864,1,2,4,31,"CollgCr"
157000,2180,5,1090,2,2.5,4,2,"Edwards"
187500,2873,7,1717,2,2.5,5,17,"Timber"
178000,2401,6,1593,2,2.5,4,17,"Gilbert"
118500,2544,4,2230,1,2,4,94,"SWISU"
100000,1784,5,892,1,1,4,42,"NAmes"
328900,3407,9,1709,2,3,5,9,"Somerst"
145000,3338,5,1712,2,2,4,47,"NAmes"
135500,2209,5,1393,1,1.5,4,53,"Edwards"
268000,4434,8,2217,2,3,5,37,"NAmes"
149500,3010,6,1505,2,2,4,56,"NAmes"
122900,1596,5,924,2,1,4,58,"NAmes"
172500,2601,6,1683,2,2.5,4,31,"Sawyer"
154500,2127,6,1068,1,1.5,4,43,"Sawyer"
165000,2766,5,1383,1,2,4,54,"Sawyer"
118858,1535,5,1535,2,2,4,30,"SawyerW"
140000,2576,6,1796,2,2.5,4,45,"NAmes"
106500,1902,4,951,1,1,4,70,"IDOTRR"
142953,2240,5,2240,2,2,4,30,"SawyerW"
611657,4694,9,2364,3,3.5,6,1,"NridgHt"
135000,2148,5,1236,1,1,4,45,"Sawyer"
110000,1716,4,858,1,1,4,36,"NAmes"
153000,2298,5,1306,1,2,4,52,"NAmes"
180000,2292,7,1509,2,2.5,5,3,"Gilbert"
240000,3340,7,1670,3,2,5,0,"Gilbert"
125500,1778,5,902,1,1,4,40,"Sawyer"
128000,2119,5,1063,1,2,4,56,"NAmes"
255000,3259,8,1636,3,3,5,1,"Somerst"
250000,3074,7,2057,1,1.5,5,70,"Crawfor"
131000,1766,5,902,2,2,4,23,"Mitchel"
174000,2226,6,1484,2,2.5,5,4,"Gilbert"
154300,3379,5,2274,2,2,4,50,"NAmes"
143500,2536,5,1268,1,1.5,5,32,"CollgCr"
88000,1783,5,1015,1,1,4,81,"BrkSide"
145000,3003,5,2002,3,2,4,58,"Crawfor"
173733,1836,6,1224,2,2.5,5,0,"Somerst"
75000,1638,4,1092,1,1.5,4,37,"MeadowV"
35311,960,2,480,1,1,4,57,"IDOTRR"
135000,2363,4,1229,1,1,4,53,"Edwards"
238000,3231,7,2127,3,3.5,5,16,"SawyerW"
176500,2598,6,1414,2,2,4,50,"NAmes"
201000,2649,6,1721,2,3,5,13,"SawyerW"
145900,3472,5,2200,0,5,4,108,"Edwards"
169990,2632,6,1316,2,2,5,1,"Gilbert"
193000,3221,6,1617,2,3,5,15,"SawyerW"
207500,3372,6,1686,2,3,4,26,"NWAmes"
175000,2252,5,1126,2,2.5,6,31,"NWAmes"
285000,3555,8,2374,3,2.5,6,4,"NridgHt"
176000,2810,7,1978,2,2.5,4,40,"NWAmes"
236500,3541,8,1788,2,2,6,8,"CollgCr"
222000,3200,7,2236,2,2.5,5,9,"Gilbert"
201000,2932,8,1466,3,2,5,2,"Timber"
117500,1850,5,925,1,1.5,4,44,"NAmes"
320000,3810,9,1905,3,2,6,1,"Somerst"
190000,3000,7,1500,2,2,5,5,"CollgCr"
242000,2654,7,2069,2,3,5,48,"NAmes"
79900,1347,4,747,2,1,4,80,"BrkSide"
184900,2376,7,1200,2,3,5,6,"SawyerW"
253000,3084,7,1971,2,2.5,5,4,"Somerst"
239799,3353,7,1962,3,2.5,5,0,"CollgCr"
244400,3435,7,2403,1,2,4,70,"ClearCr"
150900,3456,6,1728,2,2,4,30,"Mitchel"
214000,3052,7,2060,2,3.5,5,10,"Gilbert"
150000,2880,4,1440,0,4,4,30,"Edwards"
143000,3264,5,1632,2,2,4,40,"Mitchel"
137500,2163,6,1344,2,1.5,5,51,"Timber"
124900,2837,5,1869,2,1,4,119,"OldTown"
143000,2288,5,1144,1,2,4,47,"NAmes"
270000,3245,8,1629,3,3,5,5,"Timber"
192500,2712,7,1776,2,2.5,5,4,"CollgCr"
197500,2542,6,1381,2,2.5,5,38,"NWAmes"
129000,1728,5,864,2,2,5,57,"NAmes"
119900,1793,5,965,1,2,4,41,"SawyerW"
133900,1536,5,768,1,1.5,4,37,"CollgCr"
172000,2752,5,1968,2,3,4,39,"Mitchel"
127500,1925,6,980,0,3,4,31,"Edwards"
145000,2937,6,1958,2,2,4,61,"Crawfor"
124000,1790,6,1229,2,1.5,4,29,"Blueste"
132000,2114,5,1057,2,1,4,45,"Sawyer"
185000,2674,7,1337,2,3,5,4,"CollgCr"
155000,2112,7,1416,2,3.5,5,11,"Somerst"
116500,1716,5,858,0,2,4,52,"BrkSide"
272000,4202,6,2872,2,3.5,4,31,"NWAmes"
155000,2352,6,1548,2,3.5,5,31,"NPkVill"
239000,3600,9,1800,2,2,6,2,"CollgCr"
214900,2711,7,1894,2,3.5,5,8,"Timber"
178900,2267,6,1484,2,2.5,5,2,"Gilbert"
160000,2036,5,1308,1,2.5,4,69,"Crawfor"
135000,2196,5,1098,1,2,4,53,"NAmes"
37900,1568,3,968,0,1,4,99,"OldTown"
140000,1683,6,1095,1,2,4,48,"NAmes"
135000,1912,4,1192,0,1.5,4,57,"NAmes"
173000,2390,7,1626,2,2,5,6,"NridgHt"
99500,1836,6,918,1,2,4,31,"SawyerW"
182000,2856,7,1428,2,2,5,1,"Somerst"
167500,2747,7,2019,2,1,5,99,"BrkSide"
165000,2055,7,1382,2,3.5,5,6,"Somerst"
85500,1309,4,869,0,1,3,83,"BrkSide"
199900,2482,7,1241,2,2.5,5,1,"Somerst"
110000,1788,4,894,2,1,4,53,"Edwards"
139000,2242,5,1121,2,2,4,46,"Sawyer"
178400,1943,7,999,2,2,6,47,"NAmes"
336000,3837,8,2612,3,3.5,5,11,"NoRidge"
159895,2532,7,1266,2,2,5,1,"Blmngtn"
255900,3418,8,2290,2,2.5,5,6,"CollgCr"
126000,1734,5,1734,2,2,5,32,"Mitchel"
125000,2328,5,1164,1,2,4,58,"Edwards"
117000,2120,6,1635,1,1,5,96,"OldTown"
395192,3870,9,1940,3,3.5,6,1,"NridgHt"
195000,2878,6,2030,2,2.5,5,31,"NWAmes"
197000,2346,7,1576,2,2.5,5,0,"Somerst"
348000,3788,8,2392,3,3.5,5,9,"NoRidge"
168000,2658,8,1742,2,1.5,5,127,"OldTown"
187000,2673,6,1851,2,2.5,5,43,"NAmes"
173900,2250,6,1500,2,2.5,5,1,"CollgCr"
337500,3418,10,1718,3,3,6,3,"NridgHt"
121600,1977,4,1230,1,2.5,4,60,"BrkSide"
136500,2100,5,1050,1,2,4,45,"NAmes"
185000,2884,6,1442,2,2,4,39,"NWAmes"
91000,2084,3,1077,1,1,4,84,"IDOTRR"
206000,2395,7,1208,2,3,5,4,"CollgCr"
82000,944,3,944,2,1,3,57,"Edwards"
86000,1382,5,691,1,1,6,87,"OldTown"
232000,3148,8,1574,3,2,5,2,"Somerst"
136905,3360,5,1680,2,2,4,31,"NWAmes"
181000,2850,7,1504,2,2,5,4,"Blmngtn"
149900,1970,5,985,1,2,4,31,"CollgCr"
163500,3314,6,1657,2,2.5,4,37,"NAmes"
88000,1638,4,1092,1,1.5,4,39,"MeadowV"
240000,3420,7,1710,2,2,5,5,"Mitchel"
102000,2016,5,1522,0,2,4,80,"SWISU"
135000,1991,5,1271,1,2,4,60,"Sawyer"
100000,1664,5,1664,0,2,4,45,"Edwards"
165000,2104,6,1502,1,1.5,5,84,"Crawfor"
85000,2044,5,1022,1,2,4,99,"OldTown"
119200,2164,6,1082,1,1,4,59,"NAmes"
227000,2475,8,1665,2,3.5,5,8,"NWAmes"
203000,3008,7,1504,2,3,5,13,"CollgCr"
187500,2580,8,1360,2,2,5,25,"StoneBr"
160000,1856,7,1472,2,2.5,5,16,"Gilbert"
213490,2868,7,1506,2,2,5,1,"Blmngtn"
176000,2264,4,1132,2,2.5,5,3,"Edwards"
194000,2419,7,1220,2,3,5,0,"CollgCr"
87000,2160,5,1248,1,1,4,77,"OldTown"
191000,2850,7,1504,2,2,5,3,"Blmngtn"
287000,4463,8,2898,2,3,5,32,"Timber"
112500,1764,5,882,2,2,4,35,"CollgCr"
167500,2532,5,1264,2,2,4,50,"NAmes"
293077,3284,8,1646,3,3,5,1,"Timber"
105000,2144,5,1376,1,2,4,66,"NAmes"
118000,1890,6,1218,1,2,4,34,"BrDale"
160000,2614,5,1928,0,2,4,90,"SWISU"
197000,3509,7,3082,2,3.5,4,89,"SWISU"
310000,3858,8,2520,3,3.5,5,13,"NoRidge"
230000,3308,7,1654,3,3,5,4,"CollgCr"
119750,1874,5,954,1,1,3,69,"Crawfor"
84000,845,4,845,1,1,4,52,"Edwards"
315500,3240,9,1620,3,3,6,2,"Timber"
287000,3318,8,2263,2,2.5,5,7,"CollgCr"
97000,1890,4,1344,0,1.5,4,39,"MeadowV"
80000,1260,4,630,1,2,4,39,"MeadowV"
155000,2937,5,1803,2,3,4,49,"Sawyer"
173000,2432,6,1632,2,2,5,42,"NWAmes"
196000,2612,6,1306,2,3,5,4,"NridgHt"
262280,3804,7,2329,2,3.5,5,18,"SawyerW"
278000,5048,8,2524,2,3.5,5,28,"NWAmes"
139600,1733,3,1733,2,2,4,54,"Edwards"
556581,4860,9,2868,3,3.5,6,1,"StoneBr"
145000,1980,5,990,2,1.5,4,14,"CollgCr"
115000,1771,5,1771,2,1,4,49,"Mitchel"
84900,930,4,930,1,1,5,64,"Edwards"
176485,2604,7,1302,2,2,5,0,"Gilbert"
200141,2632,7,1316,2,2,5,0,"CollgCr"
165000,2793,6,1977,2,2,4,43,"NAmes"
144500,2742,5,1526,1,1,4,53,"Edwards"
255000,3054,8,1989,2,3.5,5,4,"CollgCr"
180000,2716,6,1523,2,2.5,4,32,"NWAmes"
185850,2728,7,1364,2,3,5,1,"NridgHt"
248000,2823,7,1850,2,2.5,5,15,"NoRidge"
335000,3288,9,2184,3,3.5,6,1,"NridgHt"
220000,2845,6,1991,2,1.5,4,75,"Crawfor"
213500,2676,8,1338,2,3,5,9,"StoneBr"
81000,1788,3,894,3,1,4,73,"IDOTRR"
90000,2999,5,2337,2,2,4,107,"OldTown"
110500,2206,6,1103,2,1,5,81,"OldTown"
154000,2308,5,1154,2,1.5,4,43,"NAmes"
328000,3566,7,2260,2,3.5,5,14,"ClearCr"
178000,2370,6,1571,2,2.5,4,16,"Gilbert"
167900,2391,6,1611,2,2.5,4,44,"NAmes"
151400,3463,6,2521,2,3.5,4,33,"MeadowV"
135000,1738,5,893,2,1.5,5,58,"NAmes"
135000,2096,5,1048,1,2,4,51,"NAmes"
154000,2283,6,1556,2,1.5,4,41,"NWAmes"
91500,2266,5,1456,1,2.5,4,58,"Edwards"
159500,2116,6,1426,2,1.5,4,32,"Edwards"
194000,2480,7,1240,3,2,5,1,"CollgCr"
219500,2540,7,1740,1,1.5,4,67,"Crawfor"
170000,2262,5,1466,2,2.5,5,70,"OldTown"
138800,2192,5,1096,1,2,4,37,"NAmes"
155900,1696,6,848,2,2,5,2,"CollgCr"
126000,1980,5,990,1,1,4,13,"CollgCr"
145000,2516,6,1258,2,2.5,5,37,"NWAmes"
133000,2080,5,1040,1,2.5,4,47,"Sawyer"
192000,2918,7,1459,2,2,5,5,"CollgCr"
160000,2502,6,1251,1,2,4,42,"NAmes"
187500,2189,6,1498,2,2.5,4,11,"Gilbert"
147000,1932,6,996,2,2,5,18,"SawyerW"
83500,1638,4,1092,1,1.5,4,37,"MeadowV"
252000,3035,8,1953,3,2.5,5,4,"Somerst"
137500,2679,7,1709,2,2,5,2,"Edwards"
197000,2494,8,1247,2,2.5,5,1,"Somerst"
92900,1040,3,1040,2,2,4,59,"NAmes"
160000,1852,7,1252,2,3.5,5,9,"Somerst"
136500,2875,6,1694,2,2,4,83,"SWISU"
146000,2064,5,1200,2,2.5,5,41,"NAmes"
129000,1872,5,936,1,2,4,54,"NAmes"
176432,2628,6,1314,2,2,5,1,"CollgCr"
127000,2039,6,1355,0,1.5,5,93,"IDOTRR"
170000,2162,8,1088,2,1.5,5,21,"StoneBr"
128000,1996,4,1324,1,1,4,73,"BrkSide"
157000,2872,7,1601,2,2,4,31,"NWAmes"
60000,728,2,438,1,1,3,89,"SWISU"
119500,1900,5,950,1,1,4,36,"NAmes"
135000,2144,5,1134,1,1,4,47,"NAmes"
159500,1849,6,1194,2,1.5,4,47,"NAmes"
106000,1932,5,1302,2,2.5,4,37,"BrDale"
325000,4085,8,2622,2,3.5,5,16,"NoRidge"
179900,2352,7,1442,2,3,5,17,"SawyerW"
274725,2889,7,2021,2,2.5,5,0,"Gilbert"
181000,2614,6,1690,2,2.5,4,7,"Gilbert"
280000,3672,8,1836,3,3,5,5,"NridgHt"
188000,2431,6,1658,2,3.5,4,13,"Gilbert"
205000,2767,7,1964,2,2.5,4,32,"NWAmes"
129900,1632,5,816,1,2,4,49,"NAmes"
134500,2016,5,1008,1,2,5,54,"NAmes"
117000,1666,5,833,1,1,5,52,"OldTown"
318000,3468,8,1734,3,3,6,0,"NridgHt"
184100,1827,8,1419,2,3.5,5,7,"Gilbert"
130000,1788,5,894,2,2,5,41,"Sawyer"
140000,2134,5,1601,1,1.5,4,50,"Sawyer"
133700,2080,5,1040,1,1,4,47,"NAmes"
118400,2024,6,1012,1,1,4,87,"IDOTRR"
212900,3104,7,1552,3,2,5,1,"CollgCr"
112000,1632,4,960,1,1,4,53,"Edwards"
118000,1396,5,698,0,1.5,4,62,"Edwards"
163900,1866,7,1482,2,2.5,5,15,"Gilbert"
115000,2010,4,1005,2,1,3,54,"NAmes"
174000,2928,7,1555,3,2,5,2,"Blmngtn"
259000,3060,7,1530,3,3,5,3,"Gilbert"
215000,2806,7,1959,2,2.5,5,3,"Gilbert"
140000,1872,5,936,2,2,4,27,"OldTown"
135000,3103,4,1981,2,3,5,81,"SWISU"
93500,1948,5,974,0,1,4,16,"Mitchel"
117500,3218,6,2210,1,2,3,127,"OldTown"
239500,3148,8,2020,2,2.5,5,14,"SawyerW"
169000,2516,6,1600,2,2.5,4,10,"Gilbert"
102000,1946,6,986,1,1,4,81,"BrkSide"
119000,2284,6,1252,1,1,4,58,"NAmes"
94000,1800,5,1020,0,1,4,135,"Sawyer"
196000,3134,6,1567,2,3,5,32,"Mitchel"
144000,2082,5,1167,2,1,4,87,"BrkSide"
139000,1904,5,952,2,2,4,57,"NAmes"
197500,2648,5,1868,2,3.5,5,33,"NWAmes"
424870,4294,8,2828,3,4,5,1,"CollgCr"
80000,2012,5,1006,0,1,4,49,"Sawyer"
80000,1596,4,924,1,2,3,69,"Edwards"
149000,2618,5,1576,1,1,4,78,"BrkSide"
180000,2596,6,1298,2,3,5,21,"SawyerW"
174500,2268,7,1564,1,1.5,3,68,"Crawfor"
116900,1683,7,1111,1,1,4,82,"OldTown"
143000,2132,7,1482,2,1.5,4,89,"OldTown"
124000,1864,6,932,1,1,5,57,"NAmes"
149900,2932,5,1466,2,1.5,3,47,"Edwards"
230000,2884,6,1811,2,1,6,50,"Crawfor"
120500,1632,6,816,1,1,4,78,"IDOTRR"
201800,2684,7,1820,2,2,5,43,"NAmes"
218000,2874,5,1437,2,3,5,31,"Veenker"
179900,2484,5,1265,2,2.5,5,43,"NAmes"
230000,2628,7,1314,2,3,5,2,"NridgHt"
235128,3160,8,1580,3,2,5,1,"Somerst"
185000,2777,6,1876,2,2.5,5,34,"NWAmes"
146000,2311,6,1456,2,2.5,4,32,"NPkVill"
224000,2936,6,1640,2,2,5,54,"Crawfor"
129000,1788,5,894,2,1,4,39,"Sawyer"
108959,2456,4,1258,2,3,4,39,"Sawyer"
194000,2792,5,1432,2,2.5,5,29,"Veenker"
233170,3004,7,1502,2,2,5,0,"NridgHt"
245350,3388,8,1694,3,2,5,2,"CollgCr"
173000,2630,6,1671,2,3.5,4,6,"Gilbert"
235000,3235,6,2108,2,2,5,73,"Edwards"
625000,5557,10,3627,3,4.5,5,11,"NoRidge"
171000,2214,6,1118,1,2,4,31,"Mitchel"
163000,2522,6,1261,2,2,4,50,"NAmes"
171900,1875,7,1250,2,2.5,5,2,"Somerst"
200500,4205,5,3086,0,3,6,61,"ClearCr"
239000,3297,6,2345,2,2.5,4,74,"Crawfor"
285000,4555,8,2872,2,2.5,5,15,"NoRidge"
119500,1799,5,923,1,2,4,24,"Mitchel"
115000,2042,6,1224,1,1,4,83,"OldTown"
154900,2074,5,1343,1,1.5,4,88,"Crawfor"
93000,1124,5,1124,0,1,4,52,"Edwards"
250000,3730,7,2514,2,2.5,4,16,"Timber"
392500,3252,8,1652,2,3.5,5,0,"Crawfor"
745000,6872,10,4476,3,4.5,6,11,"NoRidge"
120000,2250,5,1130,2,2,4,86,"OldTown"
186700,3144,5,1572,3,2.5,4,44,"Timber"
104900,2005,5,1221,1,2,4,82,"Edwards"
95000,2677,3,1699,2,3,4,109,"OldTown"
262000,3248,8,1624,3,3,5,12,"NoRidge"
195000,2491,7,1660,2,2.5,5,7,"CollgCr"
189000,2798,7,1804,2,2.5,5,11,"Gilbert"
168000,2871,4,1622,4,2,4,46,"Mitchel"
174000,2217,8,1441,2,2.5,5,8,"Somerst"
125000,2174,5,1472,1,1,5,82,"OldTown"
165000,2448,6,1224,2,3,4,10,"Mitchel"
158000,2015,6,1352,1,1.5,4,41,"Sawyer"
176000,2184,6,1456,2,2.5,5,3,"Gilbert"
219210,2742,7,1863,3,2.5,5,0,"Gilbert"
144000,2505,7,1690,1,1,4,90,"OldTown"
178000,2424,7,1212,2,2,5,8,"CollgCr"
148000,2433,4,1382,2,1.5,4,43,"Sawyer"
116050,1728,4,864,1,1,4,36,"NAmes"
197900,2645,7,1779,2,2.5,5,11,"CollgCr"
117000,2232,5,1348,1,2,4,84,"BrkSide"
213000,3260,7,1630,2,2,5,9,"CollgCr"
153500,2130,5,1074,2,2.5,4,31,"NWAmes"
271900,4354,7,2196,3,2,5,19,"SawyerW"
107000,2112,4,1056,1,2,4,40,"SawyerW"
200000,3382,6,1700,2,3,5,3,"CollgCr"
140000,2214,5,1283,2,2,4,46,"NAmes"
290000,3320,8,1660,2,3,5,0,"Somerst"
189000,2900,6,1845,2,2.5,5,18,"SawyerW"
164000,2311,8,1752,2,2,4,22,"Gilbert"
113000,1344,4,672,1,2,4,68,"Edwards"
145000,1608,4,960,1,1.5,4,41,"Sawyer"
134500,1924,5,999,1,2,4,44,"NAmes"
125000,1788,5,894,1,1,4,41,"Sawyer"
112000,1902,6,1902,2,2,4,32,"Sawyer"
229456,2614,8,1314,2,3,5,0,"Somerst"
80500,912,4,912,0,1,4,59,"BrkSide"
91500,1890,6,1218,0,1.5,4,35,"BrDale"
115000,1824,5,912,1,1,4,42,"NAmes"
134000,2163,5,1211,1,1,4,40,"Sawyer"
143000,2886,6,1846,1,2,4,58,"NAmes"
137900,4272,5,2136,2,2,4,55,"NAmes"
184000,2278,7,1490,2,3.5,5,4,"Gilbert"
145000,1726,6,1138,1,1.5,4,49,"NAmes"
214000,2827,6,1933,3,2.5,5,1,"Somerst"
147000,1824,5,912,2,2,5,43,"NAmes"
367294,3404,9,1702,3,2.5,6,0,"NridgHt"
127000,2582,5,1507,1,2,4,48,"NAmes"
190000,3981,5,2620,2,3,4,30,"Sawyer"
132500,2296,5,1190,2,2,4,44,"NAmes"
101800,1224,4,1224,2,2,4,45,"NAmes"
142000,2376,5,1188,2,2,4,51,"NAmes"
130000,2904,5,1964,0,1.5,4,97,"SWISU"
138887,2531,5,1784,1,1.5,4,92,"Crawfor"
175500,2390,7,1626,2,2.5,5,7,"NridgHt"
195000,2795,7,1948,2,2.5,5,2,"CollgCr"
142500,2282,6,1141,2,1.5,4,1,"SawyerW"
265900,2960,8,1484,2,2,6,1,"Timber"
224900,2652,7,1768,2,3.5,5,5,"CollgCr"
248328,3378,7,1689,3,2,5,0,"Somerst"
170000,2226,7,1173,2,3,5,36,"NWAmes"
465000,4152,10,2076,3,3.5,6,0,"NridgHt"
230000,2309,8,1517,2,1,5,77,"Crawfor"
178000,2453,6,1868,2,3.5,4,23,"NWAmes"
186500,2309,7,1553,2,2.5,5,1,"Somerst"
169900,2046,6,1034,3,2,4,34,"Mitchel"
129500,2793,6,2058,2,1.5,4,91,"OldTown"
119000,1864,5,988,1,1,4,57,"NAmes"
244000,4220,7,2110,2,3.5,6,42,"NAmes"
171750,2810,7,1405,2,2,5,3,"NridgHt"
130000,1738,5,874,1,2,4,41,"Mitchel"
294000,3359,7,2167,2,3.5,5,33,"Veenker"
165400,2402,7,1656,2,2.5,5,5,"Edwards"
127500,2251,6,1367,1,1,4,76,"BrkSide"
301500,3973,8,1987,2,3,5,14,"NoRidge"
99900,1728,5,864,0,1,4,87,"Edwards"
190000,2022,7,1166,2,3,5,3,"Gilbert"
151000,2108,6,1054,2,2.5,4,39,"NAmes"
181000,2516,6,1675,2,2.5,4,10,"Gilbert"
128900,2100,5,1050,1,1,4,53,"NAmes"
161500,2892,4,1788,1,2,4,52,"ClearCr"
180500,2588,6,1824,2,1,4,88,"BrkSide"
181000,2742,6,1337,2,3,5,10,"NAmes"
183900,2143,7,1452,2,3.5,5,7,"Somerst"
122000,2814,7,1889,1,1.5,4,97,"OldTown"
378500,4020,9,2018,3,2,6,2,"Timber"
381000,4175,8,3447,3,3.5,5,73,"Crawfor"
144000,2398,5,1524,1,1.5,4,49,"NAmes"
260000,2856,7,1524,2,2.5,5,31,"ClearCr"
185750,2978,6,1489,2,2,5,41,"NWAmes"
137000,1870,5,935,1,2,4,41,"Sawyer"
177000,2376,6,1357,1,2,6,49,"Edwards"
139000,1911,5,1250,2,2,4,97,"Crawfor"
137000,2848,5,1920,2,2,4,59,"NAmes"
162000,2118,6,1395,2,2,4,37,"NWAmes"
197900,3404,6,1724,2,2.5,4,42,"NWAmes"
237000,3159,8,2031,2,3.5,5,6,"CollgCr"
68400,1826,4,1128,2,1,4,90,"IDOTRR"
227000,3146,7,1573,2,3,5,7,"CollgCr"
180000,2648,7,1339,2,3,4,16,"Timber"
150500,2080,5,1040,2,2,5,32,"CollgCr"
139000,2736,6,1824,0,3,4,39,"Mitchel"
169000,3251,6,2447,1,2,5,91,"SWISU"
132500,2192,6,1412,1,1,4,70,"BrkSide"
143000,2656,6,1328,2,2.5,4,47,"NWAmes"
190000,3206,5,1582,2,2.5,4,42,"ClearCr"
278000,3160,8,1659,2,3,6,9,"StoneBr"
281000,3055,8,1970,3,2.5,6,0,"NridgHt"
180500,2304,5,1152,2,2,4,46,"NAmes"
119500,1932,5,1302,1,2.5,4,37,"BrDale"
107500,3366,5,2372,1,2,4,117,"OldTown"
162900,2496,7,1664,2,2.5,4,30,"NWAmes"
115000,1728,5,864,2,2,4,51,"Edwards"
138500,2104,5,1052,1,2.5,4,38,"NAmes"
155000,2248,5,1128,2,3,4,45,"NAmes"
140000,1619,6,1072,2,3,4,1,"Edwards"
154000,2492,5,1246,1,2.5,5,51,"NAmes"
225000,2961,7,1983,2,2.5,5,10,"Gilbert"
177500,2265,6,1494,1,1,5,67,"Crawfor"
290000,3691,8,2526,3,3.5,5,12,"NoRidge"
232000,3232,7,1616,3,2,5,1,"Somerst"
130000,2684,7,1708,2,2,5,2,"Edwards"
325000,3304,9,1652,2,3,6,3,"NridgHt"
202500,2736,7,1368,2,2,5,1,"NridgHt"
138000,1980,5,990,2,2,4,15,"CollgCr"
147000,2046,5,1122,2,2,5,60,"OldTown"
179200,2572,6,1294,2,3,5,17,"SawyerW"
335000,3804,7,1902,2,3,6,51,"Crawfor"
203000,2548,7,1274,2,3,5,2,"CollgCr"
302000,4263,8,2810,2,2.5,5,17,"NoRidge"
333168,3992,9,2599,3,2.5,5,11,"NoRidge"
119000,1896,4,948,1,2,4,53,"Edwards"
206900,3064,6,2112,2,2.5,4,39,"NAmes"
295493,3252,8,1630,3,3,6,1,"CollgCr"
208900,2704,7,1352,2,2,5,1,"Somerst"
275000,3540,8,1787,3,2,5,5,"CollgCr"
111000,1812,4,948,1,1,4,53,"Edwards"
156500,2956,6,1478,2,2.5,4,52,"NAmes"
72500,720,3,720,1,1,4,59,"BrkSide"
190000,2673,7,1923,2,3.5,5,18,"NoRidge"
82500,1128,4,708,0,1,3,69,"BrkSide"
147000,3590,8,1795,3,2,5,1,"Somerst"
55000,1592,4,796,0,1,4,86,"IDOTRR"
79000,1318,3,774,0,1,5,76,"Edwards"
130500,1632,5,816,1,1.5,5,26,"Mitchel"
256000,4302,6,2792,2,2,4,88,"OldTown"
176500,2567,7,1632,2,2.5,4,8,"Gilbert"
227000,3176,8,1588,3,2,5,1,"Somerst"
132500,1865,5,954,2,1,4,30,"CollgCr"
100000,1632,4,816,1,2,4,71,"Edwards"
125500,2163,5,1360,1,1.5,5,68,"IDOTRR"
125000,2130,5,1365,2,1.5,4,39,"BrDale"
167900,2684,6,1334,2,2.5,4,32,"NWAmes"
135000,3312,5,1656,2,2,4,35,"NWAmes"
52500,1386,4,693,0,1,3,65,"OldTown"
200000,2777,7,1861,2,3.5,5,4,"CollgCr"
128500,1728,5,864,1,1,4,34,"CollgCr"
123000,1730,4,872,4,1,4,36,"NAmes"
155000,2228,6,1114,2,2,5,5,"SawyerW"
228500,3453,8,2169,2,2.5,5,5,"CollgCr"
177000,2809,6,1913,2,1.5,4,81,"Crawfor"
155835,2184,7,1456,2,2.5,5,1,"CollgCr"
108500,1920,4,960,1,1,3,87,"OldTown"
262500,3724,7,2156,2,2,4,38,"NWAmes"
283463,3508,8,1776,3,3,5,1,"Timber"
215000,2976,7,1494,2,3,5,9,"SawyerW"
122000,2837,8,2358,0,2,4,136,"OldTown"
200000,3882,5,2634,4,4.5,4,40,"NAmes"
171000,2574,6,1716,2,1.5,4,46,"NAmes"
134900,1874,6,1176,2,1,4,72,"BrkSide"
410000,5271,8,3238,3,3.5,5,15,"NoRidge"
235000,2857,7,1865,3,3.5,5,8,"CollgCr"
170000,2490,7,1920,2,3,5,38,"NWAmes"
110000,1756,5,892,1,1,4,42,"NAmes"
149900,2156,5,1078,2,2.5,4,39,"NAmes"
177500,2329,6,1573,2,2.5,5,10,"Somerst"
315000,3960,9,1980,3,3,6,2,"NridgHt"
189000,3213,5,2601,2,3.5,4,87,"SWISU"
260000,3060,7,1530,2,3,5,4,"StoneBr"
104900,2453,4,1738,1,2,4,89,"NAmes"
156932,2028,6,1412,2,2.5,5,1,"Gilbert"
144152,1720,7,1200,2,2.5,5,1,"Somerst"
216000,2488,7,1674,2,3.5,5,10,"Somerst"
193000,2663,7,1790,2,3.5,5,9,"CollgCr"
127000,2232,5,1475,1,2,4,29,"MeadowV"
144000,1696,6,848,2,2,5,6,"CollgCr"
232000,3325,8,1668,2,3,5,7,"CollgCr"
105000,2214,4,1374,1,1,4,89,"OldTown"
165500,2653,6,1661,1,2,5,53,"NAmes"
274300,3205,7,2097,2,3.5,5,8,"CollgCr"
466500,5266,10,2633,3,3.5,6,6,"NoRidge"
250000,2984,7,1958,3,2.5,5,3,"Somerst"
239000,3142,8,1571,3,2,5,0,"Timber"
91000,1558,6,790,1,1,4,78,"SWISU"
117000,2588,5,1604,2,2,4,68,"Edwards"
83000,1470,6,987,1,1.5,4,33,"BrDale"
167500,1778,5,1394,2,2.5,5,2,"Timber"
58500,1728,3,864,1,2,4,96,"Edwards"
237500,3322,6,2117,2,2.5,4,38,"NAmes"
157000,2358,7,1762,2,2.5,5,86,"OldTown"
112000,2232,5,1416,2,2,5,89,"Sawyer"
105000,1818,6,1258,1,1,4,70,"Edwards"
125500,1950,4,1154,1,2,5,88,"IDOTRR"
250000,4176,7,2784,2,4.5,5,28,"NWAmes"
136000,3240,6,2526,1,2,5,91,"OldTown"
377500,3492,9,1746,3,3,6,3,"Gilbert"
131000,1953,6,1218,2,1.5,4,66,"BrkSide"
235000,3050,7,1525,2,3,5,6,"CollgCr"
124000,3168,5,1584,3,2,4,42,"NAmes"
123000,1764,5,900,1,2,4,39,"NAmes"
163000,2394,6,1912,2,2,4,103,"OldTown"
246578,2856,7,1500,3,3,5,0,"Blmngtn"
281213,3576,8,2482,3,2.5,5,2,"Timber"
160000,2434,5,1687,2,2,4,62,"Timber"
137500,2452,5,1513,1,1.5,4,87,"BrkSide"
138000,3112,5,1904,1,2.5,4,59,"NAmes"
137450,2584,6,1608,1,2.5,5,84,"SWISU"
120000,2020,6,1158,1,1,4,79,"BrkSide"
193000,2432,6,1593,2,3.5,4,4,"Gilbert"
193879,2580,7,1294,2,2,5,0,"CollgCr"
282922,2949,8,1464,3,3,5,0,"Somerst"
105000,1886,3,1214,3,1,4,91,"OldTown"
275000,3240,8,1646,2,3.5,5,4,"Crawfor"
133000,1536,5,768,2,2,4,37,"CollgCr"
112000,1666,5,833,0,2,4,24,"Mitchel"
125500,1985,4,1363,2,1,4,100,"OldTown"
215000,2884,7,2093,2,2.5,4,22,"NWAmes"
230000,2784,7,1840,2,3.5,5,8,"CollgCr"
140000,2524,6,1668,1,1.5,4,59,"NAmes"
90000,1040,4,1040,2,2,4,60,"NAmes"
257000,3688,8,1844,2,3,5,4,"SawyerW"
207000,2681,6,1848,2,1.5,5,85,"BrkSide"
175900,2955,7,1569,3,2.5,5,2,"Blmngtn"
122500,3067,4,2290,2,2,4,125,"OldTown"
340000,3734,8,2450,3,3.5,5,11,"NoRidge"
124000,2288,5,1144,1,2.5,4,45,"NAmes"
223000,3688,6,1844,2,3,5,37,"Crawfor"
179900,2124,6,1416,2,2.5,4,38,"NWAmes"
127500,2138,6,1069,2,2,4,33,"NPkVill"
136500,1696,6,848,2,2,5,5,"CollgCr"
274970,2898,6,2201,2,2,5,40,"Edwards"
144000,2368,5,1344,1,2,4,49,"NAmes"
142000,2504,6,1252,2,1,5,49,"NAmes"
271000,3350,7,2127,2,3.5,5,14,"NoRidge"
140000,2471,5,1558,1,2.5,4,63,"NAmes"
119000,1592,5,804,1,2,5,70,"OldTown"
182900,2880,6,1440,2,2,5,26,"NWAmes"
192140,2570,5,1838,2,2.5,4,1,"Gilbert"
143750,1916,6,958,2,2,4,33,"NPkVill"
64500,1624,4,968,1,2,4,80,"OldTown"
186500,2728,6,1792,2,3.5,4,8,"Gilbert"
160000,2252,5,1126,2,3,4,29,"Mitchel"
174000,2856,6,1537,2,2.5,5,46,"NAmes"
120500,1728,4,864,2,1,4,36,"NAmes"
394617,3864,8,1932,3,3,6,0,"NridgHt"
149700,2148,6,1236,2,2,4,53,"OldTown"
197000,2264,7,1725,2,2.5,4,28,"NWAmes"
191000,2759,6,2555,2,2,4,86,"Crawfor"
149300,1696,6,848,2,2,5,4,"CollgCr"
310000,3024,10,2007,3,3.5,6,1,"Somerst"
121000,1904,6,952,1,1,3,93,"BrkSide"
179600,2844,7,1422,2,2,5,3,"CollgCr"
129000,1727,6,913,1,2,4,41,"Sawyer"
157900,2376,5,1188,1,1,4,48,"Mitchel"
240000,3310,8,2090,2,3.5,5,12,"CollgCr"
112000,1906,4,1346,1,1.5,4,97,"Edwards"
92000,1260,5,630,0,2,6,36,"MeadowV"
136000,2688,5,1792,0,3,4,35,"NAmes"
287090,3151,8,1578,3,2,6,1,"Somerst"
145000,1619,5,1072,2,2,4,1,"Edwards"
84500,2280,5,1140,0,1,4,0,"Mitchel"
185000,2442,7,1221,2,3,5,5,"Somerst"
175000,2600,6,1647,2,2.5,4,8,"Gilbert"
210000,3615,6,2073,2,3,4,32,"NWAmes"
266500,3492,7,2340,1,2,5,69,"Crawfor"
142125,2156,5,1078,1,2,5,60,"NAmes"
147500,2512,5,1256,1,2.5,4,43,"Edwards"
